Year,Expected_Inflation,Expected_Inflation_Change,Long_Interest_Rate,Inflation,Real_Rate_ExPost,Real_Rate_Cleveland,ILB_Return_ExPost,ILB_Return_Cleveland,Bond_Return,ILB_Return,Equity_Return
1983,0.051980904,0.014109870223132044,0.1182,0.03787103377686796,0.08032896622313204,0.0614842454,-0.04664753387421919,0.07001903597686802,-0.14600000000000002,0.07001903597686802,0.19874359967299182
1984,0.048509702,0.008075776950690464,0.1155,0.04043392504930954,0.07506607495069047,0.0607562511,0.17339180399685733,0.10919811344930953,0.02699999999999994,0.10919811344930953,-0.11216798277099793
1985,0.040037965,0.0021232730568720923,0.09,0.03791469194312791,0.05208530805687209,0.050807695199999996,0.3427884358320022,0.19815650204312793,0.2550000000000001,0.19815650204312793,0.31364463311097635
1986,0.036377004,0.024504857881278548,0.0723,0.01187214611872145,0.060427853881278554,0.035437343600000004,-0.01946800406847113,0.21638335731872138,0.17699999999999994,0.21638335731872138,0.07355430400393925
1987,0.040836870000000004,-0.002484429638989115,0.0883,0.04332129963898912,0.044978700361010884,0.045792755100000006,0.25824068872294437,-0.024795471761010893,-0.16,-0.024795471761010893,-0.052633087750480034
1988,0.044612583,0.0004949359411764026,0.09140000000000001,0.044117647058823595,0.047282352941176414,0.0461793872,0.06605982161817918,0.08604408115882367,-0.031000000000000055,0.08604408115882367,0.1540533180016339
1989,0.036603593000000004,-0.009792430198011612,0.0793,0.046396023198011616,0.03290397680198838,0.040296658299999996,0.23746213753106837,0.15140269939801165,0.12100000000000014,0.15140269939801165,0.19256384708165086
1990,0.04887682200000001,-0.013672663352335614,0.0808,0.06254948535233562,0.018250514647664376,0.038939206999999997,0.24198808369756403,0.11642065665233561,-0.015000000000000013,0.11642065665233561,-0.17804845873092656
1991,0.035525590999999995,0.005719331685543866,0.06709999999999999,0.02980625931445613,0.037293740685543864,0.0341033346,-0.14237548641667436,0.1171041903144561,0.13700000000000004,0.1171041903144561,0.5684249946501179
1992,0.030122331,0.00045518194066545767,0.067,0.02966714905933454,0.03733285094066546,0.0350968543,0.06656978719366241,0.05383528665933454,0.0009999999999998899,0.05383528665933454,0.15453491148480403
1993,0.026618748,-0.0014908795474350665,0.0583,0.028109627547435068,0.03019037245256493,0.0272011647,0.13686726336910587,0.1421633778474351,0.08700000000000006,0.1421633778474351,0.14749981534825296
1994,0.039072212999999995,0.013098187025974234,0.0784,0.02597402597402576,0.05242597402597424,0.0411695307,-0.1661916173075024,-0.08650846932597422,-0.201,-0.08650846932597422,-0.03197734294541699
1995,0.027518619,0.0022021633037973345,0.0558,0.025316455696202667,0.030483544303797336,0.0272215346,0.2971667269439459,0.20596594739620266,0.22599999999999995,0.20596594739620266,0.3991834672057024
1996,0.029632443999999997,-0.004155730139051333,0.0643,0.03378817413905133,0.030511825860948666,0.0295093511,0.06398890287133537,0.03813154373905132,-0.08499999999999994,0.03813154373905132,0.22706319561270938
1997,0.029354613999999998,0.012384155169075924,0.0575,0.016970458830924073,0.04052954116907593,0.029198510400000002,-0.05269486838939989,0.04958821693092406,0.06799999999999994,0.04958821693092406,0.21635438370913151
1998,0.022704824000000002,0.006635602739184222,0.04650000000000001,0.01606922126081578,0.030430778739184226,0.0222957981,0.15758638672880873,0.1142948546608158,0.10999999999999996,0.1142948546608158,0.39630655586334274
1999,0.031640203,0.004876212732360018,0.0645,0.02676399026763998,0.03773600973236002,0.031922035,-0.015857540924933737,-0.04720258063236003,-0.17999999999999994,-0.04720258063236003,0.8558528565369476
2000,0.031672986,-0.002687203573459543,0.0512,0.03436018957345954,0.01683981042654046,0.0263921042,0.2810581923640152,0.12158153257345958,0.133,0.12158153257345958,-0.3928897036598342
2001,0.027313753,0.01127709778808689,0.0507,0.01603665521191311,0.03466334478808689,0.020405763,-0.14535887797701078,0.1022921714119131,0.0050000000000000044,0.1022921714119131,-0.21053057655878116
2002,0.019511578999999998,-0.005291126749718215,0.0383,0.024802705749718212,0.013497294250281788,0.0169225366,0.27112655591585616,0.08004073274971822,0.12400000000000001,0.08004073274971822,-0.3152635356849878
2003,0.022234564,0.0018825287964797516,0.042699999999999995,0.020352035203520247,0.022347964796479748,0.0171357266,-0.05465737600817756,0.03514267180352022,-0.04399999999999994,0.03514267180352022,0.4950243727115484
2004,0.017525286,-0.015897894592991874,0.0424,0.033423180592991875,0.008976819407008126,0.019095366199999998,0.18948259928418784,0.030962511192991905,0.002999999999999947,0.030962511192991905,0.08956135869619675
2005,0.032271725,-0.0011137731742305312,0.043899999999999995,0.03338549817423053,0.010514501825769462,0.0201834727,0.02698549339362529,0.041599799374230514,-0.014999999999999944,0.041599799374230514,0.013735152428933972
2006,0.019891528000000002,-0.00534824988995446,0.0471,0.025239777889954462,0.02186022211004554,0.0212213778,-0.07770292312703686,0.03504419958995446,-0.032000000000000084,0.03504419958995446,0.0952106723740771
2007,0.025437758,-0.015650375924175317,0.0404,0.04108813392417532,-0.0006881339241753201,0.0138696881,0.2884319163764295,0.1358264087241753,0.06700000000000005,0.1358264087241753,0.09812072256333626
2008,0.0028299556999999997,0.00305223572553859,0.0225,-0.0002222800255385904,0.02272228002553859,0.0097537985,-0.23501455344685301,0.054806304074461396,0.179,0.054806304074461396,-0.4054059149109446
2009,0.017866036999999998,-0.010275194232083677,0.0385,0.028141231232083674,0.010358768767916325,0.008480405600000001,0.1744986238338449,0.05062895873208367,-0.16,0.05062895873208367,0.4388756079465832
2010,0.014938723000000001,0.0005607927778206317,0.033,0.01437793022217937,0.018622069777820632,0.0062620927,-0.05789631110894738,0.04504146482217938,0.05499999999999998,0.04504146482217938,0.16910296807174485
2011,0.017116627,-0.013504041384193862,0.0189,0.03062066838419386,-0.01172066838419386,0.0014446830999999998,0.35267011978215945,0.08505685708419386,0.14100000000000001,0.08505685708419386,-0.017988065755200844
2012,0.021029067999999998,0.0034340182031044747,0.0178,0.017595049796895523,0.00020495020310447656,-0.0017237745,-0.1133818044602817,0.050724308896895526,0.011000000000000003,0.050724308896895526,0.15905418114120118
2013,0.019240314,0.004111930332426704,0.0304,0.015128383667573297,0.015271616332426702,0.0041829993,-0.13533332742254447,-0.04566312883242671,-0.126,-0.04566312883242671,0.38320124788459053
2014,0.021860996,0.01532978208037681,0.0217,0.006531213919623191,0.01516878608037681,0.0038472537,0.022831132772548824,0.014071669219623195,0.087,0.014071669219623195,0.13395138139008145
2015,0.0146795515,0.00829230398463521,0.0227,0.006387247515364791,0.01631275248463521,0.0064742223,0.010116369553157593,-0.016035184784635205,-0.010000000000000009,-0.016035184784635205,0.05729669239133872
2016,0.022917332,0.0024093428848801363,0.0245,0.020507989115119862,0.003992010884880139,0.0070045658,0.1600281575973058,0.021678776415119855,-0.017999999999999995,0.021678776415119855,0.07503080434795639
2017,0.028240747599999998,0.0069414404044774655,0.024,0.021299307195522532,0.0027006928044774683,0.0057304923,0.03820449888442937,0.041044607995522536,0.0050000000000000044,0.041044607995522536,0.2824142876250204
2018,0.0198107002,-0.0002131088434010643,0.0269,0.020023809043401064,0.006876190956598936,0.0125496666,-0.019030479673336147,-0.042437441656598934,-0.028999999999999998,-0.042437441656598934,-0.03883744073563866
2019,0.0170378442,-0.006157430499624458,0.0192,0.023195274699624457,-0.003995274699624459,0.0051426493,0.13878612221845735,0.10981511429962446,0.07700000000000001,0.10981511429962446,0.3522564232406169
2020,0.0164952129,0.003291021584220566,0.009300000000000001,0.013204191315779434,-0.0039041913157794334,-0.0023232146,0.008298082777704718,0.09300547961577943,0.09899999999999998,0.09300547961577943,0.4364041637875309
2021,0.0262030861,-0.045540316750655396,0.0152,0.07174340285065539,-0.05654340285065539,0.0009168917,0.5942313268836356,0.03701912525065539,-0.05899999999999999,0.03701912525065539,0.21389122520615622
2022,0.0286811918,-0.035364812223571525,0.0388,0.06404600402357152,-0.025246004023571522,0.0157612515,-0.3054713870979226,-0.08348070227642848,-0.23600000000000004,-0.08348070227642848,-0.3310003151172549
2023,0.0309166499,-0.0022424495271029347,0.0388,0.033159099427102934,0.005640900572897067,0.0168089907,-0.3009559505611545,0.038442958927102956,-0.0,0.038442958927102956,0.43423099265464615
2024,0.0265035634,-0.002203346275099813,0.0458,0.028706909675099812,0.01709309032490019,0.0182436879,-0.08017408727203433,0.031168928375099797,-0.06999999999999999,0.031168928375099797,0.2864126144550623
2025,0.0319286884,0.005395647254422473,0.0418,0.02653304114557753,0.015266958854422467,0.0145728631,0.06188744617525493,0.08148497704557753,0.040000000000000036,0.08148497704557753,0.20357530686212222
